id,availability,desigination,email,employee_id,enabled,first_name,last_name,password,verification_code
1,100,Developer,sdfghj,1,1,kiru,shan,12345678,NULL
2,-1250,QA,kirushanshan@gmail.com,90,1,Kiru,Kiru,12345678,PeANSQbCa9EwpdcjO2t23b3zg0NSOV70xJMBkCRZZZNNw3eO8XpTtEGdr5SG2LUc
3,-1225,QA,kiru93@gmail.com,45,1,kiru,Kiru,12345678,NULL
11,100,Developer,kirushan@gmail.com,11,1,kirushan,kiru,123456789,NULL
12,75,QA,kethas@gmail.com,12,1,kethas,sunthar,123456789,NULL
13,75,QA,ari@gmail.com,13,1,ari,arjunan,123456789,NULL
14,100,Developer,pasunth@gmail.com,14,1,pasunth,thamilan,123456789,NULL
15,100,Developer,jana@gmail.com,15,1,jana,thanan,123456789,NULL
16,-1225,QA,sasi@gmail.com,16,1,sasi,tharan,123456789,NULL
17,100,QA,thinesh@gmail.com,17,1,thinesh,kanth,123456789,NULL
18,100,Developer,ajanthan@gmail.com,18,1,ajantha,kumar,123456789,NULL
19,100,Developer,rishi@gmail.com,19,1,rishi,tharan,123456789,NULL
20,100,Developer,priyatharsan@gmail.com,20,1,priyan,tharsan,123456789,NULL
21,100,Developer,rk@gmail.com,21,1,rajini,rk,123456789,NULL
22,100,QA,kamal@gmail.com,22,1,kamal,hassan,123456789,NULL
23,100,QA,ak@gmail.com,23,1,ajith,ak,123456789,NULL
24,100,Developer,vj@gmail.com,24,1,vijay,vj,123456789,NULL
25,100,Developer,str@gmail.com,25,1,simbu,str,123456789,NULL
26,100,QA,dhanush@gmail.com,26,1,dhanush,kumaru,123456789,NULL
27,100,QA,ciyaan@gmail.com,27,1,vikram,ciyaan,123456789,NULL
28,100,Developer,surya@gmail.com,28,1,surya,jo,123456789,NULL
29,100,Developer,vjs@gmail.com,29,1,sethupathi,vjs,123456789,NULL
30,100,Developer,sk@gmail.com,30,1,siva,sk,123456789,NULL
